player,team,age,playing_time_min,nineties,value_eur,ss_goals,ss_assists,ss_expectedAssists,ss_bigChancesCreated,ss_shotsOnTarget,ss_accuratePassesPercentage,ss_accurateOppositionHalfPasses,ss_accurateFinalThirdPasses,ss_keyPasses,ss_accurateLongBalls,ss_touches,ss_successfulDribbles,ss_dispossessed,ss_possessionLost,ss_ballRecovery,ss_tackles,ss_tacklesWon,ss_interceptions,ss_clearances,ss_blockedShots,ss_dribbledPast,ss_goals_per90,ss_assists_per90,ss_keyPasses_per90,ss_bigChancesCreated_per90,ss_tackles_per90,ss_tacklesWon_per90,ss_interceptions_per90,ss_clearances_per90,ss_blockedShots_per90,ss_successfulDribbles_per90,ss_ballRecovery_per90
Mateus Mane,Wolves,17.0,1795,19.9,4300000.0,3.0,1.0,3.69061557,7.0,17.0,76.266666666667,191.0,111.0,31.0,12.0,897.0,31.0,41.0,323.0,77.0,28.0,13.0,5.0,26.0,6.0,15.0,0.15075376884422112,0.05025125628140704,1.5577889447236182,0.35175879396984927,1.407035175879397,0.6532663316582915,0.2512562814070352,1.306532663316583,0.30150753768844224,1.5577889447236182,3.869346733668342
Unai Gómez,Athletic Club,22.0,936,10.4,3800000.0,1.0,1.0,0.9749241,0.0,7.0,75.675675675676,107.0,63.0,8.0,5.0,383.0,6.0,9.0,118.0,29.0,13.0,8.0,1.0,6.0,5.0,7.0,0.09615384615384615,0.09615384615384615,0.7692307692307692,0.0,1.25,0.7692307692307692,0.09615384615384615,0.5769230769230769,0.4807692307692307,0.5769230769230769,2.7884615384615383
Martim Neto,Elche,22.0,1347,15.0,5000000.0,2.0,5.0,2.66698175,4.0,4.0,87.873754152824,350.0,215.0,25.0,11.0,836.0,21.0,16.0,162.0,58.0,21.0,12.0,2.0,13.0,2.0,11.0,0.13333333333333333,0.3333333333333333,1.6666666666666667,0.26666666666666666,1.4,0.8,0.13333333333333333,0.8666666666666667,0.13333333333333333,1.4,3.8666666666666667
Iker Losada,Levante,23.0,902,10.0,3500000.0,3.0,1.0,0.88609389,1.0,4.0,71.36563876652,105.0,56.0,11.0,3.0,378.0,6.0,4.0,115.0,39.0,13.0,12.0,11.0,10.0,3.0,10.0,0.3,0.1,1.1,0.1,1.3,1.2,1.1,1.0,0.3,0.6,3.9
Kareem Tunde,Levante,19.0,1133,12.6,2600000.0,0.0,1.0,0.33709818,1.0,3.0,77.232142857143,112.0,57.0,6.0,5.0,449.0,15.0,18.0,132.0,53.0,23.0,11.0,15.0,3.0,6.0,6.0,0.0,0.07936507936507936,0.4761904761904762,0.07936507936507936,1.8253968253968254,0.873015873015873,1.1904761904761905,0.2380952380952381,0.4761904761904762,1.1904761904761905,4.2063492063492065
Iker Muñoz,Osasuna,22.0,952,10.6,4200000.0,0.0,0.0,0.29390467,0.0,4.0,84.855233853007,205.0,103.0,5.0,25.0,592.0,4.0,6.0,96.0,49.0,12.0,8.0,11.0,23.0,1.0,15.0,0.0,0.0,0.4716981132075472,0.0,1.1320754716981132,0.7547169811320755,1.0377358490566038,2.169811320754717,0.09433962264150944,0.37735849056603776,4.622641509433962
Louis Mouton,Angers,23.0,1891,21.0,4700000.0,2.0,1.0,2.48486656,4.0,8.0,75.530410183876,295.0,156.0,22.0,27.0,1029.0,12.0,27.0,286.0,71.0,40.0,23.0,14.0,14.0,13.0,24.0,0.09523809523809523,0.047619047619047616,1.0476190476190477,0.19047619047619047,1.9047619047619047,1.0952380952380953,0.6666666666666666,0.6666666666666666,0.6190476190476191,0.5714285714285714,3.380952380952381
Yassin Belkhdim,Angers,23.0,2135,23.7,4700000.0,2.0,2.0,1.25016913,4.0,14.0,84.116022099448,281.0,117.0,15.0,22.0,1075.0,5.0,13.0,204.0,83.0,59.0,41.0,36.0,23.0,9.0,19.0,0.08438818565400844,0.08438818565400844,0.6329113924050633,0.16877637130801687,2.489451476793249,1.729957805907173,1.518987341772152,0.9704641350210971,0.379746835443038,0.2109704641350211,3.5021097046413505
Joris Chotard,Brest,23.0,2773,30.8,5500000.0,2.0,1.0,1.35890789,0.0,8.0,80.924369747899,442.0,197.0,11.0,80.0,1620.0,4.0,4.0,304.0,129.0,66.0,36.0,47.0,89.0,7.0,30.0,0.06493506493506493,0.032467532467532464,0.35714285714285715,0.0,2.142857142857143,1.1688311688311688,1.525974025974026,2.8896103896103895,0.22727272727272727,0.12987012987012986,4.188311688311688
Pathé Mboup,Brest,21.0,1054,11.7,3600000.0,1.0,0.0,1.07716055,2.0,10.0,79.098360655738,122.0,69.0,9.0,8.0,557.0,32.0,32.0,196.0,72.0,20.0,16.0,11.0,5.0,3.0,17.0,0.08547008547008547,0.0,0.7692307692307693,0.17094017094017094,1.7094017094017095,1.3675213675213675,0.9401709401709403,0.4273504273504274,0.25641025641025644,2.735042735042735,6.153846153846154
Lucas Gourna-Douath,Le Havre,21.0,1272,14.1,3000000.0,0.0,0.0,0.36670644,0.0,2.0,86.964285714286,230.0,89.0,6.0,29.0,781.0,8.0,11.0,114.0,90.0,26.0,14.0,14.0,16.0,3.0,13.0,0.0,0.0,0.425531914893617,0.0,1.8439716312056738,0.9929078014184397,0.9929078014184397,1.1347517730496455,0.2127659574468085,0.5673758865248227,6.382978723404255
Rassoul Ndiaye,Le Havre,23.0,2566,28.5,2800000.0,4.0,4.0,2.68253333,5.0,9.0,83.893395133256,425.0,240.0,29.0,34.0,1320.0,22.0,17.0,283.0,142.0,68.0,32.0,16.0,20.0,12.0,38.0,0.14035087719298245,0.14035087719298245,1.0175438596491229,0.17543859649122806,2.3859649122807016,1.1228070175438596,0.5614035087719298,0.7017543859649122,0.42105263157894735,0.7719298245614035,4.982456140350878
Simon Ebonog,Le Havre,20.0,1759,19.5,2600000.0,1.0,0.0,0.69608543,1.0,4.0,78.891257995736,208.0,104.0,8.0,7.0,825.0,17.0,34.0,209.0,109.0,39.0,21.0,24.0,23.0,7.0,6.0,0.05128205128205128,0.0,0.41025641025641024,0.05128205128205128,2.0,1.0769230769230769,1.2307692307692308,1.1794871794871795,0.358974358974359,0.8717948717948718,5.589743589743589
Dermane Karim,Lorient,21.0,1365,15.2,3600000.0,,,,,,,,,,,,,,,,,,,,,,,,,,,,,,,,
Alpha Touré,Metz,19.0,1606,17.8,2300000.0,0.0,1.0,0.44102232,0.0,1.0,86.795048143054,256.0,111.0,11.0,13.0,1017.0,15.0,18.0,172.0,69.0,40.0,21.0,9.0,25.0,7.0,17.0,0.0,0.056179775280898875,0.6179775280898876,0.0,2.2471910112359548,1.1797752808988764,0.5056179775280899,1.4044943820224718,0.3932584269662921,0.8426966292134831,3.8764044943820224
Mamadou Coulibaly,Monaco,21.0,1381,15.3,4200000.0,3.0,3.0,1.87592892,3.0,5.0,85.06588579795,307.0,140.0,12.0,33.0,955.0,15.0,15.0,189.0,90.0,37.0,20.0,19.0,19.0,4.0,17.0,0.19607843137254902,0.19607843137254902,0.7843137254901961,0.19607843137254902,2.418300653594771,1.3071895424836601,1.2418300653594772,1.2418300653594772,0.26143790849673204,0.9803921568627451,5.88235294117647
Johann Lepenant,Nantes,22.0,2173,24.1,4900000.0,0.0,1.0,1.8865617,4.0,7.0,80.194410692588,349.0,191.0,33.0,43.0,1293.0,10.0,22.0,303.0,141.0,79.0,50.0,27.0,21.0,6.0,48.0,0.0,0.04149377593360996,1.3692946058091287,0.16597510373443983,3.2780082987551866,2.0746887966804977,1.120331950207469,0.871369294605809,0.24896265560165973,0.41493775933609955,5.850622406639004
Junior Mwanga,Nantes,22.0,1260,14.0,3100000.0,1.0,1.0,1.1765811,2.0,3.0,86.277001270648,289.0,118.0,18.0,36.0,1036.0,18.0,9.0,160.0,80.0,39.0,21.0,13.0,27.0,2.0,18.0,0.07142857142857142,0.07142857142857142,1.2857142857142858,0.14285714285714285,2.7857142857142856,1.5,0.9285714285714286,1.9285714285714286,0.14285714285714285,1.2857142857142858,5.714285714285714
Alexis Vossah,Toulouse,17.0,1092,12.1,3400000.0,1.0,1.0,0.45508684,1.0,2.0,80.748663101604,135.0,59.0,7.0,5.0,511.0,4.0,11.0,107.0,38.0,11.0,6.0,8.0,21.0,3.0,8.0,0.08264462809917356,0.08264462809917356,0.578512396694215,0.08264462809917356,0.9090909090909092,0.49586776859504134,0.6611570247933884,1.7355371900826446,0.24793388429752067,0.3305785123966942,3.1404958677685952
Dayann Methalie,Toulouse,19.0,1871,20.8,4800000.0,2.0,1.0,2.21461194,3.0,7.0,79.229122055675,194.0,102.0,9.0,11.0,991.0,28.0,35.0,296.0,85.0,54.0,30.0,25.0,31.0,3.0,7.0,0.09615384615384615,0.04807692307692307,0.43269230769230765,0.14423076923076922,2.5961538461538463,1.4423076923076923,1.2019230769230769,1.4903846153846154,0.14423076923076922,1.346153846153846,4.086538461538462
Pape Demba Diop,Toulouse,21.0,1181,13.1,3600000.0,1.0,2.0,1.44441915,2.0,11.0,87.281399046105,267.0,147.0,19.0,28.0,861.0,4.0,16.0,142.0,89.0,32.0,18.0,30.0,13.0,7.0,20.0,0.07633587786259542,0.15267175572519084,1.450381679389313,0.15267175572519084,2.4427480916030535,1.3740458015267176,2.290076335877863,0.9923664122137404,0.5343511450381679,0.3053435114503817,6.793893129770993
Kamaldeen Sulemana,Atalanta,23.0,1011,11.2,4200000.0,2.0,1.0,2.08891829,3.0,10.0,84.795321637427,211.0,146.0,13.0,14.0,555.0,22.0,18.0,147.0,47.0,9.0,6.0,2.0,8.0,6.0,6.0,0.17857142857142858,0.08928571428571429,1.1607142857142858,0.26785714285714285,0.8035714285714286,0.5357142857142857,0.17857142857142858,0.7142857142857143,0.5357142857142857,1.9642857142857144,4.196428571428572
Lorenzo Bernasconi,Atalanta,21.0,1572,17.5,3600000.0,0.0,3.0,3.45036662,5.0,1.0,84.180790960452,336.0,160.0,27.0,23.0,1138.0,8.0,3.0,267.0,53.0,29.0,14.0,14.0,37.0,5.0,12.0,0.0,0.17142857142857143,1.542857142857143,0.2857142857142857,1.6571428571428573,0.8,0.8,2.1142857142857143,0.2857142857142857,0.45714285714285713,3.0285714285714285
Matteo Prati,Cagliari,21.0,1268,14.1,5000000.0,1.0,1.0,1.05177571,5.0,1.0,79.764705882353,302.0,112.0,12.0,57.0,1114.0,7.0,5.0,208.0,68.0,39.0,14.0,20.0,61.0,9.0,18.0,0.07092198581560284,0.07092198581560284,0.851063829787234,0.3546099290780142,2.765957446808511,0.9929078014184397,1.4184397163120568,4.326241134751773,0.6382978723404256,0.49645390070921985,4.822695035460993
Tommaso Barbieri,Cremonese,22.0,1707,19.0,2700000.0,0.0,1.0,0.91671309,2.0,2.0,73.320895522388,214.0,115.0,10.0,37.0,1024.0,16.0,10.0,301.0,57.0,45.0,27.0,13.0,31.0,7.0,23.0,0.0,0.05263157894736842,0.5263157894736842,0.10526315789473684,2.3684210526315788,1.4210526315789473,0.6842105263157895,1.631578947368421,0.3684210526315789,0.8421052631578947,3.0
Warren Bondo,Cremonese,21.0,1762,19.6,3800000.0,0.0,0.0,0.35212676,0.0,2.0,89.819587628866,288.0,102.0,3.0,26.0,1004.0,15.0,20.0,140.0,82.0,31.0,14.0,8.0,9.0,3.0,9.0,0.0,0.0,0.1530612244897959,0.0,1.5816326530612244,0.7142857142857142,0.4081632653061224,0.4591836734693877,0.1530612244897959,0.7653061224489796,4.183673469387755
Cher Ndour,Fiorentina,21.0,1876,20.8,5000000.0,3.0,0.0,1.19758046,1.0,8.0,82.804232804233,342.0,182.0,6.0,19.0,1058.0,7.0,12.0,198.0,75.0,35.0,19.0,14.0,34.0,10.0,15.0,0.14423076923076922,0.0,0.28846153846153844,0.04807692307692307,1.6826923076923077,0.9134615384615384,0.673076923076923,1.6346153846153846,0.4807692307692307,0.3365384615384615,3.605769230769231
Mikael Ellertsson,Genoa,23.0,2767,30.7,2800000.0,1.0,1.0,1.73482011,5.0,6.0,75.548589341693,299.0,167.0,16.0,14.0,1151.0,11.0,18.0,306.0,79.0,44.0,26.0,15.0,42.0,8.0,24.0,0.03257328990228013,0.03257328990228013,0.5211726384364821,0.16286644951140067,1.4332247557003257,0.8469055374592834,0.48859934853420195,1.3680781758957654,0.26058631921824105,0.3583061889250814,2.5732899022801305
Rafik Belghali,Hellas Verona,23.0,1920,21.3,2100000.0,2.0,0.0,3.02082095,2.0,6.0,76.829268292683,255.0,159.0,28.0,16.0,971.0,39.0,18.0,284.0,86.0,21.0,13.0,18.0,23.0,8.0,12.0,0.09389671361502347,0.0,1.3145539906103285,0.09389671361502347,0.9859154929577465,0.6103286384976525,0.8450704225352113,1.07981220657277,0.3755868544600939,1.8309859154929577,4.037558685446009
Christian Ordoñez,Parma,21.0,1091,12.1,3900000.0,1.0,0.0,0.40741993,0.0,2.0,82.19696969697,127.0,67.0,5.0,2.0,447.0,5.0,12.0,103.0,41.0,25.0,13.0,8.0,12.0,3.0,19.0,0.08264462809917356,0.0,0.4132231404958678,0.0,2.066115702479339,1.0743801652892562,0.6611570247933884,0.9917355371900827,0.24793388429752067,0.4132231404958678,3.388429752066116
Mandela Keita,Parma,23.0,2979,33.1,4400000.0,1.0,1.0,0.40669923,0.0,5.0,88.429752066116,504.0,174.0,11.0,45.0,1660.0,29.0,27.0,231.0,154.0,74.0,45.0,44.0,31.0,3.0,27.0,0.030211480362537763,0.030211480362537763,0.3323262839879154,0.0,2.2356495468277946,1.3595166163141994,1.3293051359516617,0.9365558912386707,0.09063444108761329,0.8761329305135951,4.652567975830816
Ebenezer Akinsanmiro,Pisa,20.0,1444,16.0,2400000.0,0.0,1.0,1.29352226,3.0,3.0,85.65815324165,222.0,120.0,16.0,20.0,806.0,21.0,22.0,164.0,107.0,39.0,24.0,27.0,14.0,2.0,10.0,0.0,0.0625,1.0,0.1875,2.4375,1.5,1.6875,0.875,0.125,1.3125,6.6875
Samuele Angori,Pisa,21.0,2599,28.9,3800000.0,0.0,2.0,4.00470002,5.0,3.0,72.738853503185,290.0,172.0,38.0,48.0,1361.0,9.0,13.0,404.0,101.0,46.0,24.0,22.0,61.0,6.0,16.0,0.0,0.06920415224913495,1.3148788927335642,0.17301038062283738,1.591695501730104,0.8304498269896194,0.7612456747404844,2.110726643598616,0.20761245674740486,0.31141868512110726,3.494809688581315
Niccolò Pisilli,Roma,20.0,1295,14.4,5500000.0,2.0,4.0,1.19935173,3.0,5.0,86.083743842365,433.0,185.0,13.0,21.0,1058.0,8.0,21.0,195.0,76.0,27.0,13.0,24.0,15.0,6.0,16.0,0.1388888888888889,0.2777777777777778,0.9027777777777778,0.20833333333333331,1.875,0.9027777777777778,1.6666666666666665,1.0416666666666667,0.41666666666666663,0.5555555555555556,5.277777777777778
Luca Lipani,Sassuolo,20.0,1034,11.5,3000000.0,0.0,1.0,0.45747103,1.0,3.0,83.850931677019,202.0,85.0,11.0,25.0,654.0,5.0,13.0,118.0,54.0,29.0,16.0,15.0,26.0,4.0,17.0,0.0,0.08695652173913043,0.9565217391304348,0.08695652173913043,2.5217391304347827,1.391304347826087,1.3043478260869565,2.260869565217391,0.34782608695652173,0.43478260869565216,4.695652173913044
Emirhan İlkhan,Torino,21.0,1001,11.1,2100000.0,1.0,2.0,0.69715407,2.0,3.0,83.966244725738,199.0,85.0,11.0,53.0,664.0,7.0,11.0,113.0,52.0,26.0,18.0,13.0,16.0,5.0,12.0,0.0900900900900901,0.1801801801801802,0.990990990990991,0.1801801801801802,2.3423423423423424,1.6216216216216217,1.1711711711711712,1.4414414414414416,0.45045045045045046,0.6306306306306306,4.684684684684685
Gvidas Gineitis,Torino,21.0,1756,19.5,3600000.0,0.0,1.0,2.35392446,5.0,5.0,76.439790575916,245.0,129.0,27.0,23.0,965.0,17.0,13.0,254.0,77.0,45.0,30.0,22.0,28.0,9.0,10.0,0.0,0.05128205128205128,1.3846153846153846,0.2564102564102564,2.3076923076923075,1.5384615384615385,1.1282051282051282,1.435897435897436,0.46153846153846156,0.8717948717948718,3.948717948717949
Lennon Miller,Udinese,18.0,996,11.1,3700000.0,0.0,2.0,0.76998162,3.0,1.0,77.604166666667,155.0,78.0,14.0,15.0,586.0,10.0,9.0,151.0,52.0,21.0,11.0,7.0,18.0,2.0,7.0,0.0,0.1801801801801802,1.2612612612612613,0.2702702702702703,1.8918918918918919,0.990990990990991,0.6306306306306306,1.6216216216216217,0.1801801801801802,0.9009009009009009,4.684684684684685
Derry Scherhant,Freiburg,22.0,1301,14.5,4700000.0,5.0,1.0,2.48053576,1.0,13.0,75.663716814159,115.0,67.0,22.0,5.0,663.0,30.0,36.0,253.0,53.0,20.0,10.0,7.0,18.0,13.0,13.0,0.3448275862068966,0.06896551724137931,1.5172413793103448,0.06896551724137931,1.3793103448275863,0.6896551724137931,0.4827586206896552,1.2413793103448276,0.896551724137931,2.0689655172413794,3.6551724137931036
Arthur,Leverkusen,22.0,1136,12.6,4700000.0,1.0,3.0,1.81782566,2.0,2.0,83.695652173913,235.0,113.0,14.0,13.0,778.0,14.0,13.0,178.0,59.0,20.0,11.0,17.0,28.0,5.0,4.0,0.07936507936507936,0.2380952380952381,1.1111111111111112,0.15873015873015872,1.5873015873015874,0.873015873015873,1.3492063492063493,2.2222222222222223,0.39682539682539686,1.1111111111111112,4.682539682539683
Arkadiusz Pyrka,St Pauli,22.0,2576,28.6,2400000.0,0.0,1.0,2.01733953,6.0,3.0,73.362445414847,380.0,225.0,24.0,28.0,1645.0,16.0,15.0,399.0,150.0,39.0,24.0,24.0,87.0,10.0,11.0,0.0,0.03496503496503496,0.8391608391608392,0.2097902097902098,1.3636363636363635,0.8391608391608392,0.8391608391608392,3.0419580419580416,0.34965034965034963,0.5594405594405594,5.244755244755244
Joel Fujita,St Pauli,23.0,2665,29.6,3500000.0,1.0,3.0,3.92064861,5.0,7.0,76.700680272109,541.0,288.0,30.0,34.0,1691.0,47.0,34.0,457.0,168.0,68.0,31.0,33.0,18.0,10.0,36.0,0.03378378378378378,0.10135135135135134,1.0135135135135134,0.16891891891891891,2.2972972972972974,1.0472972972972971,1.114864864864865,0.6081081081081081,0.33783783783783783,1.5878378378378377,5.675675675675675
Louis Oppie,St Pauli,23.0,1620,18.0,2200000.0,1.0,0.0,1.77876232,3.0,4.0,78.395061728395,295.0,156.0,10.0,22.0,1033.0,3.0,8.0,229.0,75.0,24.0,18.0,10.0,43.0,3.0,10.0,0.05555555555555555,0.0,0.5555555555555556,0.16666666666666666,1.3333333333333333,1.0,0.5555555555555556,2.388888888888889,0.16666666666666666,0.16666666666666666,4.166666666666667
