player,team,age,playing_time_min,nineties,value_eur,ss_goals,ss_assists,ss_expectedAssists,ss_bigChancesCreated,ss_shotsOnTarget,ss_accuratePassesPercentage,ss_accurateOppositionHalfPasses,ss_accurateFinalThirdPasses,ss_keyPasses,ss_accurateLongBalls,ss_touches,ss_successfulDribbles,ss_dispossessed,ss_possessionLost,ss_ballRecovery,ss_tackles,ss_tacklesWon,ss_interceptions,ss_clearances,ss_blockedShots,ss_dribbledPast,ss_goals_per90,ss_assists_per90,ss_keyPasses_per90,ss_bigChancesCreated_per90,ss_accurateLongBalls_per90,ss_possessionLost_per90,ss_tackles_per90,ss_tacklesWon_per90,ss_interceptions_per90,ss_clearances_per90,ss_blockedShots_per90,ss_successfulDribbles_per90,ss_ballRecovery_per90
Mateus Mane,Wolves,17.0,1795,19.9,4300000.0,3.0,1.0,3.69,7.0,17.0,76.27,191.0,111.0,31.0,12.0,897.0,31.0,41.0,323.0,77.0,28.0,13.0,5.0,26.0,6.0,15.0,0.15,0.05,1.56,0.35,0.6,16.23,1.41,0.65,0.25,1.31,0.3,1.56,3.87
Unai Gómez,Athletic Club,22.0,936,10.4,3800000.0,1.0,1.0,0.97,0.0,7.0,75.68,107.0,63.0,8.0,5.0,383.0,6.0,9.0,118.0,29.0,13.0,8.0,1.0,6.0,5.0,7.0,0.1,0.1,0.77,0.0,0.48,11.35,1.25,0.77,0.1,0.58,0.48,0.58,2.79
Martim Neto,Elche,22.0,1347,15.0,5000000.0,2.0,5.0,2.67,4.0,4.0,87.87,350.0,215.0,25.0,11.0,836.0,21.0,16.0,162.0,58.0,21.0,12.0,2.0,13.0,2.0,11.0,0.13,0.33,1.67,0.27,0.73,10.8,1.4,0.8,0.13,0.87,0.13,1.4,3.87
Iker Losada,Levante,23.0,902,10.0,3500000.0,3.0,1.0,0.89,1.0,4.0,71.37,105.0,56.0,11.0,3.0,378.0,6.0,4.0,115.0,39.0,13.0,12.0,11.0,10.0,3.0,10.0,0.3,0.1,1.1,0.1,0.3,11.5,1.3,1.2,1.1,1.0,0.3,0.6,3.9
Kareem Tunde,Levante,19.0,1133,12.6,2600000.0,0.0,1.0,0.34,1.0,3.0,77.23,112.0,57.0,6.0,5.0,449.0,15.0,18.0,132.0,53.0,23.0,11.0,15.0,3.0,6.0,6.0,0.0,0.08,0.48,0.08,0.4,10.48,1.83,0.87,1.19,0.24,0.48,1.19,4.21
Iker Muñoz,Osasuna,22.0,952,10.6,4200000.0,0.0,0.0,0.29,0.0,4.0,84.86,205.0,103.0,5.0,25.0,592.0,4.0,6.0,96.0,49.0,12.0,8.0,11.0,23.0,1.0,15.0,0.0,0.0,0.47,0.0,2.36,9.06,1.13,0.75,1.04,2.17,0.09,0.38,4.62
Louis Mouton,Angers,23.0,1891,21.0,4700000.0,2.0,1.0,2.48,4.0,8.0,75.53,295.0,156.0,22.0,27.0,1029.0,12.0,27.0,286.0,71.0,40.0,23.0,14.0,14.0,13.0,24.0,0.1,0.05,1.05,0.19,1.29,13.62,1.9,1.1,0.67,0.67,0.62,0.57,3.38
Yassin Belkhdim,Angers,23.0,2135,23.7,4700000.0,2.0,2.0,1.25,4.0,14.0,84.12,281.0,117.0,15.0,22.0,1075.0,5.0,13.0,204.0,83.0,59.0,41.0,36.0,23.0,9.0,19.0,0.08,0.08,0.63,0.17,0.93,8.61,2.49,1.73,1.52,0.97,0.38,0.21,3.5
Joris Chotard,Brest,23.0,2773,30.8,5500000.0,2.0,1.0,1.36,0.0,8.0,80.92,442.0,197.0,11.0,80.0,1620.0,4.0,4.0,304.0,129.0,66.0,36.0,47.0,89.0,7.0,30.0,0.06,0.03,0.36,0.0,2.6,9.87,2.14,1.17,1.53,2.89,0.23,0.13,4.19
Pathé Mboup,Brest,21.0,1054,11.7,3600000.0,1.0,0.0,1.08,2.0,10.0,79.1,122.0,69.0,9.0,8.0,557.0,32.0,32.0,196.0,72.0,20.0,16.0,11.0,5.0,3.0,17.0,0.09,0.0,0.77,0.17,0.68,16.75,1.71,1.37,0.94,0.43,0.26,2.74,6.15
Lucas Gourna-Douath,Le Havre,21.0,1272,14.1,3000000.0,0.0,0.0,0.37,0.0,2.0,86.96,230.0,89.0,6.0,29.0,781.0,8.0,11.0,114.0,90.0,26.0,14.0,14.0,16.0,3.0,13.0,0.0,0.0,0.43,0.0,2.06,8.09,1.84,0.99,0.99,1.13,0.21,0.57,6.38
Rassoul Ndiaye,Le Havre,23.0,2566,28.5,2800000.0,4.0,4.0,2.68,5.0,9.0,83.89,425.0,240.0,29.0,34.0,1320.0,22.0,17.0,283.0,142.0,68.0,32.0,16.0,20.0,12.0,38.0,0.14,0.14,1.02,0.18,1.19,9.93,2.39,1.12,0.56,0.7,0.42,0.77,4.98
Simon Ebonog,Le Havre,20.0,1759,19.5,2600000.0,1.0,0.0,0.7,1.0,4.0,78.89,208.0,104.0,8.0,7.0,825.0,17.0,34.0,209.0,109.0,39.0,21.0,24.0,23.0,7.0,6.0,0.05,0.0,0.41,0.05,0.36,10.72,2.0,1.08,1.23,1.18,0.36,0.87,5.59
Dermane Karim,Lorient,21.0,1365,15.2,3600000.0,,,,,,,,,,,,,,,,,,,,,,,,,,,,,,,,,,
Alpha Touré,Metz,19.0,1606,17.8,2300000.0,0.0,1.0,0.44,0.0,1.0,86.8,256.0,111.0,11.0,13.0,1017.0,15.0,18.0,172.0,69.0,40.0,21.0,9.0,25.0,7.0,17.0,0.0,0.06,0.62,0.0,0.73,9.66,2.25,1.18,0.51,1.4,0.39,0.84,3.88
Mamadou Coulibaly,Monaco,21.0,1381,15.3,4200000.0,3.0,3.0,1.88,3.0,5.0,85.07,307.0,140.0,12.0,33.0,955.0,15.0,15.0,189.0,90.0,37.0,20.0,19.0,19.0,4.0,17.0,0.2,0.2,0.78,0.2,2.16,12.35,2.42,1.31,1.24,1.24,0.26,0.98,5.88
Johann Lepenant,Nantes,22.0,2173,24.1,4900000.0,0.0,1.0,1.89,4.0,7.0,80.19,349.0,191.0,33.0,43.0,1293.0,10.0,22.0,303.0,141.0,79.0,50.0,27.0,21.0,6.0,48.0,0.0,0.04,1.37,0.17,1.78,12.57,3.28,2.07,1.12,0.87,0.25,0.41,5.85
Junior Mwanga,Nantes,22.0,1260,14.0,3100000.0,1.0,1.0,1.18,2.0,3.0,86.28,289.0,118.0,18.0,36.0,1036.0,18.0,9.0,160.0,80.0,39.0,21.0,13.0,27.0,2.0,18.0,0.07,0.07,1.29,0.14,2.57,11.43,2.79,1.5,0.93,1.93,0.14,1.29,5.71
Alexis Vossah,Toulouse,17.0,1092,12.1,3400000.0,1.0,1.0,0.46,1.0,2.0,80.75,135.0,59.0,7.0,5.0,511.0,4.0,11.0,107.0,38.0,11.0,6.0,8.0,21.0,3.0,8.0,0.08,0.08,0.58,0.08,0.41,8.84,0.91,0.5,0.66,1.74,0.25,0.33,3.14
Dayann Methalie,Toulouse,19.0,1871,20.8,4800000.0,2.0,1.0,2.21,3.0,7.0,79.23,194.0,102.0,9.0,11.0,991.0,28.0,35.0,296.0,85.0,54.0,30.0,25.0,31.0,3.0,7.0,0.1,0.05,0.43,0.14,0.53,14.23,2.6,1.44,1.2,1.49,0.14,1.35,4.09
Pape Demba Diop,Toulouse,21.0,1181,13.1,3600000.0,1.0,2.0,1.44,2.0,11.0,87.28,267.0,147.0,19.0,28.0,861.0,4.0,16.0,142.0,89.0,32.0,18.0,30.0,13.0,7.0,20.0,0.08,0.15,1.45,0.15,2.14,10.84,2.44,1.37,2.29,0.99,0.53,0.31,6.79
Kamaldeen Sulemana,Atalanta,23.0,1011,11.2,4200000.0,2.0,1.0,2.09,3.0,10.0,84.8,211.0,146.0,13.0,14.0,555.0,22.0,18.0,147.0,47.0,9.0,6.0,2.0,8.0,6.0,6.0,0.18,0.09,1.16,0.27,1.25,13.12,0.8,0.54,0.18,0.71,0.54,1.96,4.2
Lorenzo Bernasconi,Atalanta,21.0,1572,17.5,3600000.0,0.0,3.0,3.45,5.0,1.0,84.18,336.0,160.0,27.0,23.0,1138.0,8.0,3.0,267.0,53.0,29.0,14.0,14.0,37.0,5.0,12.0,0.0,0.17,1.54,0.29,1.31,15.26,1.66,0.8,0.8,2.11,0.29,0.46,3.03
Matteo Prati,Cagliari,21.0,1268,14.1,5000000.0,1.0,1.0,1.05,5.0,1.0,79.76,302.0,112.0,12.0,57.0,1114.0,7.0,5.0,208.0,68.0,39.0,14.0,20.0,61.0,9.0,18.0,0.07,0.07,0.85,0.35,4.04,14.75,2.77,0.99,1.42,4.33,0.64,0.5,4.82
Tommaso Barbieri,Cremonese,22.0,1707,19.0,2700000.0,0.0,1.0,0.92,2.0,2.0,73.32,214.0,115.0,10.0,37.0,1024.0,16.0,10.0,301.0,57.0,45.0,27.0,13.0,31.0,7.0,23.0,0.0,0.05,0.53,0.11,1.95,15.84,2.37,1.42,0.68,1.63,0.37,0.84,3.0
Warren Bondo,Cremonese,21.0,1762,19.6,3800000.0,0.0,0.0,0.35,0.0,2.0,89.82,288.0,102.0,3.0,26.0,1004.0,15.0,20.0,140.0,82.0,31.0,14.0,8.0,9.0,3.0,9.0,0.0,0.0,0.15,0.0,1.33,7.14,1.58,0.71,0.41,0.46,0.15,0.77,4.18
Cher Ndour,Fiorentina,21.0,1876,20.8,5000000.0,3.0,0.0,1.2,1.0,8.0,82.8,342.0,182.0,6.0,19.0,1058.0,7.0,12.0,198.0,75.0,35.0,19.0,14.0,34.0,10.0,15.0,0.14,0.0,0.29,0.05,0.91,9.52,1.68,0.91,0.67,1.63,0.48,0.34,3.61
Mikael Ellertsson,Genoa,23.0,2767,30.7,2800000.0,1.0,1.0,1.73,5.0,6.0,75.55,299.0,167.0,16.0,14.0,1151.0,11.0,18.0,306.0,79.0,44.0,26.0,15.0,42.0,8.0,24.0,0.03,0.03,0.52,0.16,0.46,9.97,1.43,0.85,0.49,1.37,0.26,0.36,2.57
Rafik Belghali,Hellas Verona,23.0,1920,21.3,2100000.0,2.0,0.0,3.02,2.0,6.0,76.83,255.0,159.0,28.0,16.0,971.0,39.0,18.0,284.0,86.0,21.0,13.0,18.0,23.0,8.0,12.0,0.09,0.0,1.31,0.09,0.75,13.33,0.99,0.61,0.85,1.08,0.38,1.83,4.04
Christian Ordoñez,Parma,21.0,1091,12.1,3900000.0,1.0,0.0,0.41,0.0,2.0,82.2,127.0,67.0,5.0,2.0,447.0,5.0,12.0,103.0,41.0,25.0,13.0,8.0,12.0,3.0,19.0,0.08,0.0,0.41,0.0,0.17,8.51,2.07,1.07,0.66,0.99,0.25,0.41,3.39
Mandela Keita,Parma,23.0,2979,33.1,4400000.0,1.0,1.0,0.41,0.0,5.0,88.43,504.0,174.0,11.0,45.0,1660.0,29.0,27.0,231.0,154.0,74.0,45.0,44.0,31.0,3.0,27.0,0.03,0.03,0.33,0.0,1.36,6.98,2.24,1.36,1.33,0.94,0.09,0.88,4.65
Ebenezer Akinsanmiro,Pisa,20.0,1444,16.0,2400000.0,0.0,1.0,1.29,3.0,3.0,85.66,222.0,120.0,16.0,20.0,806.0,21.0,22.0,164.0,107.0,39.0,24.0,27.0,14.0,2.0,10.0,0.0,0.06,1.0,0.19,1.25,10.25,2.44,1.5,1.69,0.88,0.12,1.31,6.69
Samuele Angori,Pisa,21.0,2599,28.9,3800000.0,0.0,2.0,4.0,5.0,3.0,72.74,290.0,172.0,38.0,48.0,1361.0,9.0,13.0,404.0,101.0,46.0,24.0,22.0,61.0,6.0,16.0,0.0,0.07,1.31,0.17,1.66,13.98,1.59,0.83,0.76,2.11,0.21,0.31,3.49
Niccolò Pisilli,Roma,20.0,1295,14.4,5500000.0,2.0,4.0,1.2,3.0,5.0,86.08,433.0,185.0,13.0,21.0,1058.0,8.0,21.0,195.0,76.0,27.0,13.0,24.0,15.0,6.0,16.0,0.14,0.28,0.9,0.21,1.46,13.54,1.88,0.9,1.67,1.04,0.42,0.56,5.28
Luca Lipani,Sassuolo,20.0,1034,11.5,3000000.0,0.0,1.0,0.46,1.0,3.0,83.85,202.0,85.0,11.0,25.0,654.0,5.0,13.0,118.0,54.0,29.0,16.0,15.0,26.0,4.0,17.0,0.0,0.09,0.96,0.09,2.17,10.26,2.52,1.39,1.3,2.26,0.35,0.43,4.7
Emirhan İlkhan,Torino,21.0,1001,11.1,2100000.0,1.0,2.0,0.7,2.0,3.0,83.97,199.0,85.0,11.0,53.0,664.0,7.0,11.0,113.0,52.0,26.0,18.0,13.0,16.0,5.0,12.0,0.09,0.18,0.99,0.18,4.77,10.18,2.34,1.62,1.17,1.44,0.45,0.63,4.68
Gvidas Gineitis,Torino,21.0,1756,19.5,3600000.0,0.0,1.0,2.35,5.0,5.0,76.44,245.0,129.0,27.0,23.0,965.0,17.0,13.0,254.0,77.0,45.0,30.0,22.0,28.0,9.0,10.0,0.0,0.05,1.38,0.26,1.18,13.03,2.31,1.54,1.13,1.44,0.46,0.87,3.95
Lennon Miller,Udinese,18.0,996,11.1,3700000.0,0.0,2.0,0.77,3.0,1.0,77.6,155.0,78.0,14.0,15.0,586.0,10.0,9.0,151.0,52.0,21.0,11.0,7.0,18.0,2.0,7.0,0.0,0.18,1.26,0.27,1.35,13.6,1.89,0.99,0.63,1.62,0.18,0.9,4.68
Derry Scherhant,Freiburg,22.0,1301,14.5,4700000.0,5.0,1.0,2.48,1.0,13.0,75.66,115.0,67.0,22.0,5.0,663.0,30.0,36.0,253.0,53.0,20.0,10.0,7.0,18.0,13.0,13.0,0.34,0.07,1.52,0.07,0.34,17.45,1.38,0.69,0.48,1.24,0.9,2.07,3.66
Arthur,Leverkusen,22.0,1136,12.6,4700000.0,1.0,3.0,1.82,2.0,2.0,83.7,235.0,113.0,14.0,13.0,778.0,14.0,13.0,178.0,59.0,20.0,11.0,17.0,28.0,5.0,4.0,0.08,0.24,1.11,0.16,1.03,14.13,1.59,0.87,1.35,2.22,0.4,1.11,4.68
Arkadiusz Pyrka,St Pauli,22.0,2576,28.6,2400000.0,0.0,1.0,2.02,6.0,3.0,73.36,380.0,225.0,24.0,28.0,1645.0,16.0,15.0,399.0,150.0,39.0,24.0,24.0,87.0,10.0,11.0,0.0,0.03,0.84,0.21,0.98,13.95,1.36,0.84,0.84,3.04,0.35,0.56,5.24
Joel Fujita,St Pauli,23.0,2665,29.6,3500000.0,1.0,3.0,3.92,5.0,7.0,76.7,541.0,288.0,30.0,34.0,1691.0,47.0,34.0,457.0,168.0,68.0,31.0,33.0,18.0,10.0,36.0,0.03,0.1,1.01,0.17,1.15,15.44,2.3,1.05,1.11,0.61,0.34,1.59,5.68
Louis Oppie,St Pauli,23.0,1620,18.0,2200000.0,1.0,0.0,1.78,3.0,4.0,78.4,295.0,156.0,10.0,22.0,1033.0,3.0,8.0,229.0,75.0,24.0,18.0,10.0,43.0,3.0,10.0,0.06,0.0,0.56,0.17,1.22,12.72,1.33,1.0,0.56,2.39,0.17,0.17,4.17
